income_class,count,proportion
<=50K,29724,0.7607299157986334
>50K,9349,0.23927008420136667
