feature,skewness,zero_share,dominant_value_share,flag_code
hours_per_week,0.2509361380405693,0.0,0.465231745706754,dominant_value
education_num,-0.31387185220525116,0.0,0.3247511069024646,none
age,0.5496697157347854,0.0,0.027205487165050033,none
capital_loss,4.4971713662308295,0.9520896782944744,0.9520896782944744,zero_inflated
capital_gain,12.047715917281797,0.918255572902004,0.918255572902004,zero_inflated
