income_class,age_mean,age_std,age_median,age_min,age_max,education_num_mean,education_num_std,education_num_median,education_num_min,education_num_max,capital_gain_mean,capital_gain_std,capital_gain_median,capital_gain_min,capital_gain_max,capital_loss_mean,capital_loss_std,capital_loss_median,capital_loss_min,capital_loss_max,hours_per_week_mean,hours_per_week_std,hours_per_week_median,hours_per_week_min,hours_per_week_max
<=50K,36.919189880231464,14.138616535777146,34.0,17,90,9.600020185708518,2.442003939014421,9.0,1,16,147.6963733010362,976.203387769995,0.0,0,41310,55.34625218678509,316.82975583431136,0.0,0,4356,38.89150181671376,12.367230622760754,40.0,1,99
>50K,44.35009091881485,10.557659767335144,44.0,19,90,11.602952187399723,2.3824112686740824,12.0,1,16,3949.9779655578136,14515.361281651616,0.0,0,99999,199.9778585945021,602.340501583404,0.0,0,3683,45.43437800834314,11.20104997918938,40.0,1,99
