feature,feature_label_mi
relationship,0.11582762636895605
marital_status,0.11052485824595841
age,0.06356505093220327
occupation,0.06344008126177725
education_num,0.061719884344213174
capital_gain,0.05356489189302108
hours_per_week,0.034982340922227725
gender,0.02553218904133163
capital_loss,0.01714891357089746
workclass,0.015300415311727773
race,0.005960136732603144
native_country_grouped,0.0005951511325777287
