native_country_grouped,count,share,raw_mi_with_label,grouped_mi_with_label
United-States,43832,0.8974243478973015,0.005682300012680304,0.0005502371123178446
Non-United-States,5010,0.10257565210269849,0.005682300012680304,0.0005502371123178446
