feature,mean_<=50k,variance_<=50k,mean_>50k,variance_>50k,mean_difference_gt50k_minus_le50k,cohens_d,ks_statistic,single_feature_roc_auc,zero_share,skewness,non_gaussian_flag,shape_category
education_num,9.600020185708518,5.963182612968933,11.602952187399723,5.675276341814928,2.002932001691205,0.8249718829246092,0.3355898727234472,0.7155728394170354,0.0,-0.31387185220525116,False,roughly_symmetric
age,36.919189880231464,199.89375232446224,44.35009091881485,111.45225718501649,7.430901038583386,0.5558131039985043,0.3209608010050723,0.6823096965286325,0.0,0.5496697157347854,False,roughly_symmetric
hours_per_week,38.89150181671376,152.94324765707515,45.43437800834314,125.45010064264824,6.542876191629375,0.5408029200157394,0.261334386528271,0.6713244917382248,0.0,0.2509361380405693,False,roughly_symmetric
capital_gain,147.6963733010362,952940.9935664464,3949.9779655578136,210673176.42565632,3802.2815922567775,0.53172088217375,0.18784405650248048,0.5882597236178001,0.918255572902004,12.047715917281797,True,non_gaussian_weak
capital_loss,55.34625218678509,100377.71707618402,199.9778585945021,362775.27205227606,144.63160640771702,0.358049535019415,0.081221833516406,0.5354933606817405,0.9520896782944744,4.4971713662308295,True,non_gaussian_weak
