model,min,max
logistic_l1,0.8974694937940025,0.9014280108103763
svm_linear,0.8972687303172074,0.9014361265357861
svm_poly,0.9050510778431603,0.9064055406114929
