accuracy,precision,recall,f1,roc_auc,C
0.8476814412938888,0.7234490010515248,0.5885372112917023,0.6490566037735849,0.8974694937940025,1.0
